" "," ","L.101D - Iluminação Suite Jefferson","5/0/1"," "," "," "," ","Auto"
" "," ","L.101F - Tomada Cabeceira Jefferson","5/0/2"," "," "," "," ","Auto"
" "," ","L.102B - Iluminação WC Suite Jefferson","5/0/3"," "," "," "," ","Auto"
" "," ","ET.102A - Toalheiro WC Jefferson","5/0/4"," "," "," "," ","Auto"
" "," ","EX.102A - Ventax WC Jefferson","5/0/5"," "," "," "," ","Auto"
" "," ","EP.102A - Piso Radiante WC Jefferson","5/0/6"," "," "," "," ","Auto"
" "," ","L.103F - Tomada Cabeceira Harrison","5/0/7"," "," "," "," ","Auto"
" "," ","L.103D - Iluminação  Suite Harrison","5/0/8"," "," "," "," ","Auto"
" "," ","L.104A - Iluminação WC Harrison","5/0/9"," "," "," "," ","Auto"
" "," ","ET.104A - Toalheiro WC Harrison","5/0/10"," "," "," "," ","Auto"
" "," ","EX.104A - Ventax WC Harrison","5/0/11"," "," "," "," ","Auto"
" "," ","EP.104A - Piso Radiante WC Harrison","5/0/12"," "," "," "," ","Auto"
" "," ","L.112A - Aplique Acesso Escadas","5/0/13"," "," "," "," ","Auto"
" "," ","L.112B - Iluminação Acesso Escadas","5/0/14"," "," "," "," ","Auto"
" "," ","EX.110A - Steam WC Suite Master","5/0/15"," "," "," "," ","Auto"
" "," ","EX.108A - Ventax WC Suite Master","5/0/16"," "," "," "," ","Auto"
" "," ","ET.108A - Toalheiro WC Suite Master","5/0/17"," "," "," "," ","Auto"
" "," ","EP.108A - Piso Radiante WC Suite Master","5/0/18"," "," "," "," ","Auto"
" "," ","L.108B - Iluminação WC Suite Master","5/0/19"," "," "," "," ","Auto"
" "," ","L.108D - Iluminação WC Suite Master","5/0/20"," "," "," "," ","Auto"
" "," ","L.109A - Iluminação Varanda Suite Master","5/0/21"," "," "," "," ","Auto"
" "," ","L.106B - Tomada Controlada Suite Master","5/0/22"," "," "," "," ","Auto"
" "," ","L.106C - Tomada Controlada Suite Master","5/0/23"," "," "," "," ","Auto"
" "," ","L.107B - Espelhos Closet Suite Master","5/0/24"," "," "," "," ","Auto"
" "," ","L.107E - Circulação Closet Suite Master","5/0/25"," "," "," "," ","Auto"
" "," ","L.111A - Iluminação Varanda Harrison","5/0/26"," "," "," "," ","Auto"
" "," ","L.110A - Iluminação Varanda Jefferson","5/0/27"," "," "," "," ","Auto"
" "," ","L.112C - Iluminação Escadas","5/0/28"," "," "," "," ","Auto"
" "," ","EM.108A - Mirror WC Suite Master","5/0/29"," "," "," "," ","Auto"
" "," ","EM.108B - Mirror WC Suite Master","5/0/30"," "," "," "," ","Auto"
" "," ","RESERVA","5/0/31"," "," "," "," ","Auto"
" "," ","RESERVA","5/0/32"," "," "," "," ","Auto"
" "," ","RESERVA","5/0/33"," "," "," "," ","Auto"
" "," ","RESERVA","5/0/34"," "," "," "," ","Auto"
" "," ","RESERVA","5/0/35"," "," "," "," ","Auto"
" "," ","RESERVA","5/0/36"," "," "," "," ","Auto"
" "," ","MC.101A - Blind Suite Jefferson","6/0/1"," "," "," "," ","Auto"
" "," ","MC.101B - Curtains Suite Jefferson","6/0/2"," "," "," "," ","Auto"
" "," ","MC.101C - Curtains Suite Jefferson","6/0/3"," "," "," "," ","Auto"
" "," ","MC.101D - Blind Suite Jefferson","6/0/4"," "," "," "," ","Auto"
" "," ","MC.102A - Blind WC Suite Jefferson","6/0/5"," "," "," "," ","Auto"
" "," ","MC.104A - Blind WC Suite Harrison","6/0/6"," "," "," "," ","Auto"
" "," ","MC.103A - Curtains Suite Harrison","6/0/7"," "," "," "," ","Auto"
" "," ","MC.103B - Blind Suite Harrison","6/0/8"," "," "," "," ","Auto"
" "," ","MC.103C - Blind Suite Harrison","6/0/9"," "," "," "," ","Auto"
" "," ","MC.103D - Curtains Suite Harrison","6/0/10"," "," "," "," ","Auto"
" "," ","MC.106A - Curtains Suite Master","6/0/11"," "," "," "," ","Auto"
" "," ","MC.106B - Blind Suite Master","6/0/12"," "," "," "," ","Auto"
" "," ","MC.107A - Curtains Closet Suite Master","6/0/13"," "," "," "," ","Auto"
" "," ","MC.107B - Blind Closet Suite Master","6/0/14"," "," "," "," ","Auto"
" "," ","MC.112A - Blind Zona Escada","6/0/15"," "," "," "," ","Auto"
" "," ","MC.112B - Blind Zona Escada","6/0/16"," "," "," "," ","Auto"
" "," ","MC.112C - Blind Zona Escada","6/0/17"," "," "," "," ","Auto"
" "," ","RESERVA","6/0/18"," "," "," "," ","Auto"
" "," ","L.101A - Iluminação Entrada Jefferson","5/0/37"," "," "," "," ","Auto"
" "," ","L.101B - Sanca 1 Jefferson","5/0/38"," "," "," "," ","Auto"
" "," ","L.101E - Sanca 2 Jefferson","5/0/39"," "," "," "," ","Auto"
" "," ","L.101C - Iluminação Suite Jefferson","5/0/40"," "," "," "," ","Auto"
" "," ","L.103A - Iluminação Entrada Harrison","5/0/41"," "," "," "," ","Auto"
" "," ","L.103B - Sanca 1 Harrison","5/0/42"," "," "," "," ","Auto"
" "," ","L.103C - Iluminação Suite Harrison","5/0/43"," "," "," "," ","Auto"
" "," ","L.103E - Sanca 2 Harrison","5/0/44"," "," "," "," ","Auto"
" "," ","L.104B - Iluminação WC Suite Harrison","5/0/45"," "," "," "," ","Auto"
" "," ","L.105A - Iluminação Hall Suites","5/0/46"," "," "," "," ","Auto"
" "," ","L.106A - Sanca 1 Suite Master","5/0/47"," "," "," "," ","Auto"
" "," ","L.106D - Iluminação Banheira Suite Master","5/0/48"," "," "," "," ","Auto"
" "," ","L.106E - Sanca 2 Suite Master","5/0/49"," "," "," "," ","Auto"
" "," ","L.108A - Entrada WC Suite Master","5/0/50"," "," "," "," ","Auto"
" "," ","L.108C - Sanitário WC Suite Master","5/0/51"," "," "," "," ","Auto"
" "," ","L.107F - Entrada 1 Closet Suite Master","5/0/52"," "," "," "," ","Auto"
" "," ","L.107A - Entrada 2 Closet Suite Master","5/0/53"," "," "," "," ","Auto"
" "," ","L.107C - LED Closet 1 Suite Master","5/0/54"," "," "," "," ","Auto"
" "," ","L.107D - LED Closet 2 Suite Master","5/0/55"," "," "," "," ","Auto"
" "," ","L.113A - Iluminação RACK","5/0/56"," "," "," "," ","Auto"
" "," ","RESERVA","5/0/57"," "," "," "," ","Auto"
" "," ","L.106G - Sanca Suite Master","5/0/58"," "," "," "," ","Auto"
" "," ","L.106H - Sanca Suite Master","5/0/59"," "," "," "," ","Auto"
" "," ","L.106F - Sanca Suite Master","5/0/60"," "," "," "," ","Auto"
" "," ","RESERVA","5/0/61"," "," "," "," ","Auto"
" "," ","RESERVA","5/0/62"," "," "," "," ","Auto"
" "," ","RESERVA","5/0/63"," "," "," "," ","Auto"
" "," ","RESERVA","5/0/64"," "," "," "," ","Auto"
" "," ","RESERVA","5/0/65"," "," "," "," ","Auto"
" "," ","RESERVA","5/0/66"," "," "," "," ","Auto"
" "," ","RESERVA","5/0/67"," "," "," "," ","Auto"
" "," ","RESERVA","5/0/68"," "," "," "," ","Auto"
" "," ","RESERVA","5/0/69"," "," "," "," ","Auto"
" "," ","RESERVA","5/0/70"," "," "," "," ","Auto"
" "," ","RESERVA","5/0/71"," "," "," "," ","Auto"
" "," ","RESERVA","5/0/72"," "," "," "," ","Auto"
" "," ","RESERVA","5/0/73"," "," "," "," ","Auto"
" "," ","RESERVA","5/0/74"," "," "," "," ","Auto"
" "," ","RESERVA","5/0/75"," "," "," "," ","Auto"
" "," ","RESERVA","5/0/76"," "," "," "," ","Auto"
" "," ","RESERVA","5/0/77"," "," "," "," ","Auto"
" "," ","RESERVA","5/0/78"," "," "," "," ","Auto"
" "," ","RESERVA","5/0/79"," "," "," "," ","Auto"
" "," ","RESERVA","5/0/80"," "," "," "," ","Auto"
" "," ","RESERVA","5/0/81"," "," "," "," ","Auto"
" "," ","RESERVA","5/0/82"," "," "," "," ","Auto"
" "," ","RESERVA","5/0/83"," "," "," "," ","Auto"
" "," ","RESERVA","5/0/84"," "," "," "," ","Auto"
" "," ","RESERVA","5/0/85"," "," "," "," ","Auto"
" "," ","RESERVA","5/0/86"," "," "," "," ","Auto"
" "," ","RESERVA","5/0/87"," "," "," "," ","Auto"
" "," ","RESERVA","5/0/88"," "," "," "," ","Auto"
" "," ","RESERVA","5/0/89"," "," "," "," ","Auto"
" "," ","RESERVA","5/0/90"," "," "," "," ","Auto"
" "," ","RESERVA","5/0/91"," "," "," "," ","Auto"
" "," ","RESERVA","5/0/92"," "," "," "," ","Auto"
" "," ","RESERVA","5/0/93"," "," "," "," ","Auto"
" "," ","RESERVA","5/0/94"," "," "," "," ","Auto"
" "," ","RESERVA","5/0/95"," "," "," "," ","Auto"
" "," ","RESERVA","5/0/96"," "," "," "," ","Auto"
" "," ","RESERVA","5/0/97"," "," "," "," ","Auto"
" "," ","RESERVA","5/0/98"," "," "," "," ","Auto"
" "," ","RESERVA","5/0/99"," "," "," "," ","Auto"
" "," ","RESERVA","5/0/100"," "," "," "," ","Auto"
" "," ","L.001A - Iluminação Family Room","5/0/101"," "," "," "," ","Auto"
" "," ","L.001B - Iluminação Family Room","5/0/102"," "," "," "," ","Auto"
" "," ","L.001D - Iluminação Family Room","5/0/103"," "," "," "," ","Auto"
" "," ","L.001E - Iluminação Family Room","5/0/104"," "," "," "," ","Auto"
" "," ","L.002D - Acesso Cooling Room","5/0/105"," "," "," "," ","Auto"
" "," ","EX.002A - Ventax Chefs Space","5/0/106"," "," "," "," ","Auto"
" "," ","L.002C - Iluminação Chefs Space","5/0/107"," "," "," "," ","Auto"
" "," ","EX.003A - Ventax Cooling Room","5/0/108"," "," "," "," ","Auto"
" "," ","L.003A - Iluminação Cooling Room","5/0/109"," "," "," "," ","Auto"
" "," ","L.004B - Iluminação Dinning","5/0/110"," "," "," "," ","Auto"
" "," ","L.004D - Iluminação Dinning","5/0/111"," "," "," "," ","Auto"
" "," ","L.005A - Iluminação Office","5/0/112"," "," "," "," ","Auto"
" "," ","L.001F - Centro Sanca Family Room","5/0/113"," "," "," "," ","Auto"
" "," ","L.006C - Centro Lounge","5/0/114"," "," "," "," ","Auto"
" "," ","L.006D - Iluminação Lounge","5/0/115"," "," "," "," ","Auto"
" "," ","L.006E - Iluminação Lounge","5/0/116"," "," "," "," ","Auto"
" "," ","L.007A - Entrada Suite Guest","5/0/117"," "," "," "," ","Auto"
" "," ","L.007B - Iluminação Suite Guest","5/0/118"," "," "," "," ","Auto"
" "," ","L.007C - Iluminação Suite Guest","5/0/119"," "," "," "," ","Auto"
" "," ","L.007D - Iluminação Suite Guest","5/0/120"," "," "," "," ","Auto"
" "," ","L.007E - Tomada 1 Suite Guest","5/0/121"," "," "," "," ","Auto"
" "," ","L.007F - Tomada 2 Suite Guest","5/0/122"," "," "," "," ","Auto"
" "," ","L.008A - Iluminação WC Guest","5/0/123"," "," "," "," ","Auto"
" "," ","ET.008A - Toalheiro WC Guest","5/0/124"," "," "," "," ","Auto"
" "," ","EX.008A - Ventax WC Guest","5/0/125"," "," "," "," ","Auto"
" "," ","EX.009A - Ventax WC Social","5/0/126"," "," "," "," ","Auto"
" "," ","L.009A - Iluminação WC Social","5/0/127"," "," "," "," ","Auto"
" "," ","L.010B - Tomada Controlada Escadas","5/0/128"," "," "," "," ","Auto"
" "," ","L.010A - Iluminação Zona Escadas","5/0/129"," "," "," "," ","Auto"
" "," ","EP.002A - Piso Radiante Chefs Space","5/0/130"," "," "," "," ","Auto"
" "," ","L.004C - Iluminação Dinning","5/0/131"," "," "," "," ","Auto"
" "," ","RESERVA","5/0/132"," "," "," "," ","Auto"
" "," ","RESERVA EXT ","5/0/133"," "," "," "," ","Auto"
" "," ","RESERVA EXT ","5/0/134"," "," "," "," ","Auto"
" "," ","RESERVA EXT ","5/0/135"," "," "," "," ","Auto"
" "," ","RESERVA EXT ","5/0/136"," "," "," "," ","Auto"
" "," ","RESERVA EXT ","5/0/137"," "," "," "," ","Auto"
" "," ","RESERVA EXT ","5/0/138"," "," "," "," ","Auto"
" "," ","RESERVA EXT ","5/0/139"," "," "," "," ","Auto"
" "," ","RESERVA EXT ","5/0/140"," "," "," "," ","Auto"
" "," ","MC.001A - Blind Family Room","6/0/19"," "," "," "," ","Auto"
" "," ","MC.001B - Blind Family Room","6/0/20"," "," "," "," ","Auto"
" "," ","MC.001C - Curtains Family Room","6/0/21"," "," "," "," ","Auto"
" "," ","MC.001D - Blind Family Room","6/0/22"," "," "," "," ","Auto"
" "," ","MC.001E - Blind Family Room","6/0/23"," "," "," "," ","Auto"
" "," ","MC.001F - Blind Family Room","6/0/24"," "," "," "," ","Auto"
" "," ","MC.001G - Blind Family Room","6/0/25"," "," "," "," ","Auto"
" "," ","MC.001H - Blind Family Room","6/0/26"," "," "," "," ","Auto"
" "," ","MC.001I - Blind Family Room","6/0/27"," "," "," "," ","Auto"
" "," ","MC.001J - Blind Family Room","6/0/28"," "," "," "," ","Auto"
" "," ","MC.002A - Blind Chefs Space","6/0/29"," "," "," "," ","Auto"
" "," ","MC.002B - Blind Chefs Space","6/0/30"," "," "," "," ","Auto"
" "," ","MC.005A - Blind Office","6/0/31"," "," "," "," ","Auto"
" "," ","MC.005B - Blind Office","6/0/32"," "," "," "," ","Auto"
" "," ","MC.006A - Blind Lounge","6/0/33"," "," "," "," ","Auto"
" "," ","MC.006B - Blind Lounge","6/0/34"," "," "," "," ","Auto"
" "," ","MC.006C - Blind Lounge","6/0/35"," "," "," "," ","Auto"
" "," ","MC.006D - Blind Lounge","6/0/36"," "," "," "," ","Auto"
" "," ","MC.006E - Blind Lounge","6/0/37"," "," "," "," ","Auto"
" "," ","MC.006F - Blind Lounge","6/0/38"," "," "," "," ","Auto"
" "," ","MC.008A - Blind WC Suite Guest","6/0/39"," "," "," "," ","Auto"
" "," ","MC.007A - Blind Suite Guest","6/0/40"," "," "," "," ","Auto"
" "," ","MC.007B - Curtains Suite Guest","6/0/41"," "," "," "," ","Auto"
" "," ","MC.002E - Blind Chefs Space","6/0/42"," "," "," "," ","Auto"
" "," ","MC.002C - Blinds Chefs Space","6/0/43"," "," "," "," ","Auto"
" "," ","MC.002D - Blinds Chefs Space","6/0/44"," "," "," "," ","Auto"
" "," ","RESERVA","6/0/45"," "," "," "," ","Auto"
" "," ","RESERVA","6/0/46"," "," "," "," ","Auto"
" "," ","L.001C - Sanca Family Room","5/0/141"," "," "," "," ","Auto"
" "," ","L.002A - Iluminação Chefs Space","5/0/142"," "," "," "," ","Auto"
" "," ","L.002B - LED Chefs Space","5/0/143"," "," "," "," ","Auto"
" "," ","L.004A - Sanca Centro Dinning","5/0/144"," "," "," "," ","Auto"
" "," ","L.005B - Iluminação Office","5/0/145"," "," "," "," ","Auto"
" "," ","L.006A - Sanca Lounge","5/0/146"," "," "," "," ","Auto"
" "," ","L.006B - Sanca Lounge","5/0/147"," "," "," "," ","Auto"
" "," ","L.008B - Iluminação WC Guest","5/0/148"," "," "," "," ","Auto"
" "," ","L.-102B - Fita de LED Piso -1","5/0/149"," "," "," "," ","Auto"
" "," ","L.-102C - Fita de LED Piso -1","5/0/150"," "," "," "," ","Auto"
" "," ","L.-102D - Fita de LED Piso -1","5/0/151"," "," "," "," ","Auto"
" "," ","L.-102E - Fita de LED Piso -1","5/0/152"," "," "," "," ","Auto"
" "," ","L.-102F - Fita de LED Piso -1","5/0/153"," "," "," "," ","Auto"
" "," ","L.-106A - Fita de LED Cinema Piso -1","5/0/154"," "," "," "," ","Auto"
" "," ","L.-106B - Fita de LED Cinema Piso -1","5/0/155"," "," "," "," ","Auto"
" "," ","L.-104A - Sanca Lavandaria Piso -1","5/0/156"," "," "," "," ","Auto"
" "," ","L.-105A - LED Garagem Piso -1","5/0/157"," "," "," "," ","Auto"
" "," ","L.-105B - LED Garagem Piso -1","5/0/158"," "," "," "," ","Auto"
" "," ","L.-105C - LED Garagem Piso -1","5/0/159"," "," "," "," ","Auto"
" "," ","L.-105D - LED Garagem Piso -1","5/0/160"," "," "," "," ","Auto"
" "," ","L.-105E - LED Garagem Piso -1","5/0/161"," "," "," "," ","Auto"
" "," ","L.-105F - LED Garagem Piso -1","5/0/162"," "," "," "," ","Auto"
" "," ","L.-105G - LED Garagem Piso -1","5/0/163"," "," "," "," ","Auto"
" "," ","L.-105H - LED Garagem Piso -1","5/0/164"," "," "," "," ","Auto"
" "," ","L.004E - Sanca Centro Dinning","5/0/165"," "," "," "," ","Auto"
" "," ","RESERVA","5/0/166"," "," "," "," ","Auto"
" "," ","RESERVA","5/0/167"," "," "," "," ","Auto"
" "," ","RESERVA","5/0/168"," "," "," "," ","Auto"
" "," ","RESERVA","5/0/169"," "," "," "," ","Auto"
" "," ","RESERVA","5/0/170"," "," "," "," ","Auto"
" "," ","RESERVA","5/0/171"," "," "," "," ","Auto"
" "," ","RESERVA","5/0/172"," "," "," "," ","Auto"
" "," ","RESERVA","5/0/173"," "," "," "," ","Auto"
" "," ","RESERVA","5/0/174"," "," "," "," ","Auto"
" "," ","RESERVA","5/0/175"," "," "," "," ","Auto"
" "," ","RESERVA","5/0/176"," "," "," "," ","Auto"
" "," ","RESERVA","5/0/177"," "," "," "," ","Auto"
" "," ","RESERVA","5/0/178"," "," "," "," ","Auto"
" "," ","RESERVA","5/0/179"," "," "," "," ","Auto"
" "," ","RESERVA","5/0/180"," "," "," "," ","Auto"
" "," ","RESERVA","5/0/181"," "," "," "," ","Auto"
" "," ","RESERVA","5/0/182"," "," "," "," ","Auto"
" "," ","RESERVA","5/0/183"," "," "," "," ","Auto"
" "," ","RESERVA","5/0/184"," "," "," "," ","Auto"
" "," ","RESERVA","5/0/185"," "," "," "," ","Auto"
" "," ","RESERVA","5/0/186"," "," "," "," ","Auto"
" "," ","RESERVA","5/0/187"," "," "," "," ","Auto"
" "," ","RESERVA","5/0/188"," "," "," "," ","Auto"
" "," ","RESERVA","5/0/189"," "," "," "," ","Auto"
" "," ","RESERVA","5/0/190"," "," "," "," ","Auto"
" "," ","RESERVA","5/0/191"," "," "," "," ","Auto"
" "," ","RESERVA","5/0/192"," "," "," "," ","Auto"
" "," ","RESERVA","5/0/193"," "," "," "," ","Auto"
" "," ","RESERVA","5/0/194"," "," "," "," ","Auto"
" "," ","RESERVA","5/0/195"," "," "," "," ","Auto"
" "," ","RESERVA","5/0/196"," "," "," "," ","Auto"
" "," ","RESERVA","5/0/197"," "," "," "," ","Auto"
" "," ","RESERVA","5/0/198"," "," "," "," ","Auto"
" "," ","RESERVA","5/0/199"," "," "," "," ","Auto"
" "," ","RESERVA","5/0/200"," "," "," "," ","Auto"
" "," ","RESERVA","5/0/201"," "," "," "," ","Auto"
" "," ","RESERVA","5/0/202"," "," "," "," ","Auto"
" "," ","RESERVA","5/0/203"," "," "," "," ","Auto"
" "," ","RESERVA","5/0/204"," "," "," "," ","Auto"
" "," ","L.-101A - Iluminação Ginásio 1","5/0/205"," "," "," "," ","Auto"
" "," ","L.-101B - Iluminação Ginásio 2","5/0/206"," "," "," "," ","Auto"
" "," ","L.-102A - Iluminação Hall","5/0/207"," "," "," "," ","Auto"
" "," ","L.-102G - Iluminação Escadas","5/0/208"," "," "," "," ","Auto"
" "," ","L.-103A - Iluminação WC","5/0/209"," "," "," "," ","Auto"
" "," ","L.-107A - Apoio Lavandaria","5/0/210"," "," "," "," ","Auto"
" "," ","EX.-104A - Ventax Lavandaria","5/0/211"," "," "," "," ","Auto"
" "," ","L.-106C - Iluminação Cinema","5/0/212"," "," "," "," ","Auto"
" "," ","RESERVA","5/0/213"," "," "," "," ","Auto"
" "," ","RESERVA","5/0/214"," "," "," "," ","Auto"
" "," ","RESERVA","5/0/215"," "," "," "," ","Auto"
" "," ","RESERVA","5/0/216"," "," "," "," ","Auto"
" "," ","MC.-101A - Blind Ginásio Janela ","6/0/47"," "," "," "," ","Auto"
" "," ","MC.-101B - Blind Ginásio Porta","6/0/48"," "," "," "," ","Auto"
